{"cameraMode":{"drawMode":0,"name":"Shaded","section":"Shading Mode"},"sceneLighting":true,"audioPlay":false,"sceneViewState":{"showFog":true,"showMaterialUpdate":false,"showSkybox":true,"showFlares":true,"showImageEffects":true,"showParticleSystems":true},"in2DMode":false,"pivot":{"x":-66.80117797851563,"y":184.46536254882813,"z":244.57907104492188},"rotation":{"x":0.3432601988315582,"y":0.00789765827357769,"z":-0.0028867044020444156,"w":0.9392027258872986},"size":791.5595092773438,"orthographic":false}